a bellerive,a anastassov
a freyberger,a anastassov
a h mahmood,a anastassov
a hofman,a anastassov
a simon,a anastassov
a smith,a anastassov
a soffer,a anastassov
a undrus,a anastassov
zhang y,a anastassov
zhe fei,a anastassov
zheng yx,a anastassov
zhenyu wu,a anastassov
zhenzhen quan,a anastassov
zhixiu lin,a anastassov
ziren su,a anastassov
y li,a anastassov
y liu,a anastassov
yang yu,a anastassov
yingzhi tang,a anastassov
yoav kalcheim,a anastassov
yoklam kwong,a anastassov
youngwon kim,a anastassov
yu m berezansky,a anastassov
yuling jia,a anastassov
x xing,a anastassov
xavier moya,a anastassov
xiaojun zhai,a anastassov
xiaoou shu,a anastassov
xiaotong yu,a anastassov
xin jie chen,a anastassov
xudong zhao,a anastassov
y kubota,a anastassov
y kwon,a anastassov
w r ross,a anastassov
w s brower,a anastassov
w t ford,a anastassov
walter d funk,a anastassov
walter kieran gear,a anastassov
wayne e king,a anastassov
wico w lai,a anastassov
wiro j niessen,a anastassov
wyss ws yim,a anastassov
tumaini nyamhanga,a anastassov
uttandaraman sundararaj,a anastassov
v fadeyev,a anastassov
v shelkov,a anastassov
vanessa l beesley,a anastassov
vincent c c cheng,a anastassov
vsevolod afanasyev,a anastassov
w leo meerts,a anastassov
w p tan,a anastassov
thorgeir e thorgeirsson,a anastassov
thrikkovil variathu kumary,a anastassov
tiago faria,a anastassov
timothy dignam,a anastassov
tina m umelas,a anastassov
titus o magomere,a anastassov
tom page,a anastassov
toni e ziegler,a anastassov
trisha l davis,a anastassov
t riehle,a anastassov
t skwarnicki,a anastassov
t taniguchi,a anastassov
taryn r reid,a anastassov
tatia m c lee,a anastassov
tatiana novobrantseva,a anastassov
ted maddess,a anastassov
tessel e galesloot,a anastassov
thomas p curran,a anastassov
susan redline,a anastassov
susana viegas,a anastassov
susanna mornati,a anastassov
suyin hor,a anastassov
suzette d tardif,a anastassov
t bergfeld,a anastassov
t e browder,a anastassov
t lee,a anastassov
t rauscher,a anastassov
stacy steinberg,a anastassov
stefan smith,a anastassov
stephen g oliver,a anastassov
steven riley,a anastassov
stewart g trost,a anastassov
stuart bearhop,a anastassov
stuart woolman,a anastassov
sung nam lee snlee,a anastassov
susan g sterrett,a anastassov
siew ann cheong,a anastassov
simon cauchemez,a anastassov
simone fattorini,a anastassov
siupo ip,a anastassov
siyuan dai,a anastassov
slveig sigurardttir,a anastassov
sohrab haghighat,a anastassov
solomon i shibairo,a anastassov
stacey a combes,a anastassov
scott lafontaine,a anastassov
sebastiaan rothmann,a anastassov
sen t meally,a anastassov
shan jiang,a anastassov
sherman s m chow,a anastassov
sheungwai li,a anastassov
shiwani sharma,a anastassov
shujiang shi,a anastassov
sidney tam,a anastassov
s j richichi,a anastassov
s kutuk,a anastassov
s marka,a anastassov
s menary,a anastassov
s roberts,a anastassov
s timm,a anastassov
sacha j howell,a anastassov
sakyo hirose,a anastassov
scott adzick,a anastassov
s b athar,a anastassov
s blinov,a anastassov
s chan,a anastassov
s d johnson,a anastassov
s e csorna,a anastassov
s h mennema,a anastassov
s habib mazharimousavi,a anastassov
s hartmann,a anastassov
s j quinn,a anastassov
robert dudley,a anastassov
robert farrell,a anastassov
robert j casson,a anastassov
robert langer,a anastassov
roger d doherty,a anastassov
roger smith,a anastassov
rolf fre,a anastassov
romeo mendezestrella,a anastassov
s anderson,a anastassov
rd wilson,a anastassov
rebecca p ang,a anastassov
ricardo p matano,a anastassov
richard a phillips,a anastassov
richard g kay,a anastassov
richard l van horn,a anastassov
rick iedema,a anastassov
rivera garca b,a anastassov
robert c woodworth,a anastassov
r engelmann,a anastassov
r kass,a anastassov
r m hans,a anastassov
r martin,a anastassov
r s galik,a anastassov
r stroynowski,a anastassov
ramachandra r dasari,a anastassov
raymond a aborigo,a anastassov
raymond waiyin sun,a anastassov
pedro cardoso,a anastassov
pedro f saintmaurice,a anastassov
peter w mathieson,a anastassov
pg van zyl,a anastassov
philip g board,a anastassov
philip j batterham,a anastassov
pierreludovic giacalone,a anastassov
r amster,a anastassov
r balest,a anastassov
p rankin,a anastassov
p s drell,a anastassov
palmira de ftima bonolo,a anastassov
pamela brown,a anastassov
parimanathu rama varma harikrishna varma,a anastassov
patrick kealy,a anastassov
patrick ndase,a anastassov
paul hibbing,a anastassov
pb sherren,a anastassov
nf dawson,a anastassov
nick glozier,a anastassov
niek n sanders,a anastassov
nizamuddin khan,a anastassov
nor azliza ismail,a anastassov
o hellmuth,a anastassov
p baringer,a anastassov
p c kim,a anastassov
p j cullen,a anastassov
monika lipiska,a anastassov
mordechai hallak,a anastassov
muhammad bashir abdullahi,a anastassov
n hancock,a anastassov
n katayama,a anastassov
n keith tovey,a anastassov
nasim jahan,a anastassov
nelly mugo,a anastassov
nelson itiro miyague,a anastassov
michael g madden,a anastassov
michael marmot,a anastassov
michael parker,a anastassov
michael s engel,a anastassov
miguel amvel pinheiro,a anastassov
mikayel vardanyan,a anastassov
minglin ma,a anastassov
ml humbert,a anastassov
mohammad bonakdar,a anastassov
mariano zuriaga,a anastassov
mark w wilson,a anastassov
marthina miranda,a anastassov
martin p a coetzee,a anastassov
mateus dos santos,a anastassov
